{
  "project_info": {
    "project_number": "603328247684",
    "project_id": "map-32b70",
    "storage_bucket": "map-32b70.appspot.com"
  },
  "client": [
    {
      "client_info": {
        "mobilesdk_app_id": "1:603328247684:android:563b991dedcc2eae850fd1",
        "android_client_info": {
          "package_name": "com.blueocean.firebase_google_map"
        }
      },
      "oauth_client": [
        {
          "client_id": "603328247684-o30is6joqk51n6v20t2ipq9g4u8b7llt.apps.googleusercontent.com",
          "client_type": 1,
          "android_info": {
            "package_name": "com.blueocean.firebase_google_map",
            "certificate_hash": "c77a3f7abff6e6e8b8b320736f917aac11621b11"
          }
        },
        {
          "client_id": "603328247684-135attf3qu5rlk9rrq31f56pqn7tpvk0.apps.googleusercontent.com",
          "client_type": 3
        }
      ],
      "api_key": [
        {
          "current_key": "AIzaSyDmu8w69DdLah6EgQvbV0-lbooR4358MrY"
        }
      ],
      "services": {
        "appinvite_service": {
          "other_platform_oauth_client": [
            {
              "client_id": "603328247684-135attf3qu5rlk9rrq31f56pqn7tpvk0.apps.googleusercontent.com",
              "client_type": 3
            }
          ]
        }
      }
    }
  ],
  "configuration_version": "1"
}